<?xml version="1.0" encoding="UTF-8"?>
<con:soapui-project activeEnvironment="Default" name="Customer Rest Service" resourceRoot="" soapui-version="4.6.4" abortOnError="false" runType="SEQUENTIAL" xmlns:con="http://eviware.com/soapui/config"><con:settings><con:setting id="com.eviware.soapui.impl.wsdl.actions.iface.tools.soapui.TestRunnerAction@values-local"><![CDATA[<xml-fragment xmlns:con="http://eviware.com/soapui/config">
  <con:entry key="Environment" value="Default"/>
  <con:entry key="Global Properties" value=""/>
  <con:entry key="TestSuite" value="Customer Eligibility TestSuite"/>
  <con:entry key="Password" value=""/>
  <con:entry key="soapui-setings.xml Password" value=""/>
  <con:entry key="TestRunner Path" value=""/>
  <con:entry key="Tool Args" value=""/>
  <con:entry key="Ignore Errors" value="false"/>
  <con:entry key="Host:Port" value=""/>
  <con:entry key="WSS Password Type" value=""/>
  <con:entry key="Save Project" value="false"/>
  <con:entry key="Enable UI" value="false"/>
  <con:entry key="System Properties" value=""/>
  <con:entry key="Domain" value=""/>
  <con:entry key="Coverage Report" value="false"/>
  <con:entry key="Export JUnit Results" value="false"/>
  <con:entry key="Open Report" value="false"/>
  <con:entry key="Project Properties" value=""/>
  <con:entry key="Export All" value="false"/>
  <con:entry key="Project Password" value=""/>
  <con:entry key="Report Format(s)" value=""/>
  <con:entry key="TestCase" value="&lt;all>"/>
  <con:entry key="Print Report" value="false"/>
  <con:entry key="Username" value=""/>
  <con:entry key="Root Folder" value=""/>
  <con:entry key="Save After" value="false"/>
  <con:entry key="Add Settings" value="false"/>
  <con:entry key="Endpoint" value=""/>
  <con:entry key="Select Report Type" value=""/>
</xml-fragment>]]></con:setting></con:settings><con:interface xsi:type="con:RestService" wadlVersion="http://wadl.dev.java.net/2009/02" name="http://localhost:8080" type="rest" xmlns:xsi="http://www.w3.org/2001/XMLSchema-instance"><con:settings/><con:definitionCache type="TEXT" rootPart=""/><con:endpoints><con:endpoint>http://localhost:8080</con:endpoint></con:endpoints><con:resource name="Customer Eligibility" path="/CustomerRestfulWS/rest/customer/eligible"><con:settings/><con:parameters><con:parameter><con:name>customerId</con:name><con:value/><con:style>QUERY</con:style><con:default/><con:description xsi:nil="true"/></con:parameter><con:parameter><con:name>branchNo</con:name><con:value/><con:style>QUERY</con:style><con:default/><con:description xsi:nil="true"/></con:parameter></con:parameters><con:method name="Eligibility" method="GET"><con:settings/><con:parameters/><con:representation type="RESPONSE"><con:mediaType>application/xml</con:mediaType><con:status>200</con:status><con:params/></con:representation><con:representation type="RESPONSE"><con:mediaType xsi:nil="true"/><con:status>0</con:status><con:params/><con:element>data</con:element></con:representation><con:representation type="RESPONSE"><con:mediaType>application/json</con:mediaType><con:status>200</con:status><con:params/></con:representation><con:representation type="FAULT"><con:mediaType xsi:nil="true"/><con:status>404</con:status><con:params/><con:element>data</con:element></con:representation><con:request name="Customer Eligible To Play" mediaType="application/json"><con:settings><con:setting id="com.eviware.soapui.impl.wsdl.WsdlRequest@request-headers">&lt;xml-fragment/></con:setting></con:settings><con:endpoint>http://localhost:8080</con:endpoint><con:request/><con:credentials><con:authType>Global HTTP Settings</con:authType></con:credentials><con:jmsConfig JMSDeliveryMode="PERSISTENT"/><con:jmsPropertyConfig/><con:parameters>
  <con:entry key="customerId" value="150"/>
  <con:entry key="branchNo" value="5"/>
</con:parameters><con:parameterOrder><con:entry>customerId</con:entry><con:entry>branchNo</con:entry></con:parameterOrder></con:request><con:request name="Customer Not Eligible To Play" mediaType="application/json"><con:settings><con:setting id="com.eviware.soapui.impl.wsdl.WsdlRequest@request-headers">&lt;xml-fragment/></con:setting></con:settings><con:endpoint>http://localhost:8080</con:endpoint><con:request/><con:credentials><con:authType>Global HTTP Settings</con:authType></con:credentials><con:jmsConfig JMSDeliveryMode="PERSISTENT"/><con:jmsPropertyConfig/><con:parameters>
  <con:entry key="customerId" value="100"/>
  <con:entry key="branchNo" value="15"/>
</con:parameters></con:request><con:request name="Valid Branch No with Invalid Customer No For Eligibility" mediaType="application/json"><con:settings><con:setting id="com.eviware.soapui.impl.wsdl.WsdlRequest@request-headers">&lt;xml-fragment/></con:setting></con:settings><con:endpoint>http://localhost:8080</con:endpoint><con:request/><con:credentials><con:authType>Global HTTP Settings</con:authType></con:credentials><con:jmsConfig JMSDeliveryMode="PERSISTENT"/><con:jmsPropertyConfig/><con:parameters>
  <con:entry key="customerId" value="12"/>
  <con:entry key="branchNo" value="7"/>
</con:parameters></con:request></con:method></con:resource><con:resource name="groups" path="/CustomerRestfulWS/rest/customer/groups/350"><con:settings/><con:parameters/><con:method name="Method 1" method="GET"><con:settings/><con:parameters/><con:representation type="RESPONSE"><con:mediaType>application/json</con:mediaType><con:status>200</con:status><con:params/><con:element xmlns:ns="http://localhost/CustomerRestfulWS/rest/customer/groups/120">ns:Response</con:element></con:representation><con:request name="Customer Group as Chatriyas" mediaType="application/json"><con:settings><con:setting id="com.eviware.soapui.impl.wsdl.WsdlRequest@request-headers">&lt;xml-fragment/></con:setting></con:settings><con:endpoint>http://localhost:8080</con:endpoint><con:request/><con:credentials><con:authType>Global HTTP Settings</con:authType></con:credentials><con:jmsConfig JMSDeliveryMode="PERSISTENT"/><con:jmsPropertyConfig/><con:parameters/></con:request><con:request name="Customer Group as dhuruvas" mediaType="application/json"><con:settings><con:setting id="com.eviware.soapui.impl.wsdl.WsdlRequest@request-headers">&lt;xml-fragment/></con:setting></con:settings><con:endpoint>http://localhost:8080</con:endpoint><con:request/><con:credentials><con:authType>Global HTTP Settings</con:authType></con:credentials><con:jmsConfig JMSDeliveryMode="PERSISTENT"/><con:jmsPropertyConfig/><con:parameters/></con:request><con:request name="Customer Group as Chanakyas" mediaType="application/json"><con:settings><con:setting id="com.eviware.soapui.impl.wsdl.WsdlRequest@request-headers">&lt;xml-fragment/></con:setting></con:settings><con:endpoint>http://localhost:8080</con:endpoint><con:request/><con:credentials><con:authType>Global HTTP Settings</con:authType></con:credentials><con:jmsConfig JMSDeliveryMode="PERSISTENT"/><con:jmsPropertyConfig/><con:parameters/></con:request></con:method></con:resource></con:interface><con:testSuite name="Customer Eligibility TestSuite"><con:settings/><con:runType>SEQUENTIAL</con:runType><con:testCase failOnError="true" failTestCaseOnErrors="true" keepSession="false" maxResults="0" name="Eligible to Play" searchProperties="true" id="81d4112c-ee14-40b7-b0ac-359f86d6b79c"><con:settings/><con:testStep type="restrequest" name="Customer - Customer Eligible To Play"><con:settings/><con:config service="http://localhost:8080" resourcePath="/CustomerRestfulWS/rest/customer/eligible" methodName="Eligibility" xsi:type="con:RestRequestStep" xmlns:xsi="http://www.w3.org/2001/XMLSchema-instance"><con:restRequest name="Customer - Customer Eligible To Play" mediaType="application/json"><con:settings><con:setting id="com.eviware.soapui.impl.wsdl.WsdlRequest@request-headers">&lt;xml-fragment/></con:setting></con:settings><con:endpoint>http://localhost:8080</con:endpoint><con:request/><con:assertion type="XPath Match" name="Customer is eligible to Play"><con:configuration><path>declare namespace cust = 'http://localhost/CustomerRestfulWS/rest/customer/eligible';
//cust:eligibletoPlay</path><content>true</content><allowWildcards>true</allowWildcards><ignoreNamspaceDifferences>true</ignoreNamspaceDifferences><ignoreComments>false</ignoreComments></con:configuration></con:assertion><con:assertion type="Response SLA Assertion" name="Response SLA &lt;10ms"><con:configuration><SLA>10</SLA></con:configuration></con:assertion><con:credentials><con:authType>Global HTTP Settings</con:authType></con:credentials><con:jmsConfig JMSDeliveryMode="PERSISTENT"/><con:jmsPropertyConfig/><con:parameters>
  <con:entry key="customerId" value="150"/>
  <con:entry key="branchNo" value="5"/>
</con:parameters><con:parameterOrder><con:entry>customerId</con:entry><con:entry>branchNo</con:entry></con:parameterOrder></con:restRequest></con:config></con:testStep><con:properties/></con:testCase><con:testCase failOnError="true" failTestCaseOnErrors="true" keepSession="false" maxResults="0" name="Not Eligible To Play" searchProperties="true" id="760cf2c1-acd1-4bcb-a37e-2b9cdf566aad"><con:settings/><con:testStep type="restrequest" name="Customer - Customer Not Eligible To Play"><con:settings/><con:config service="http://localhost:8080" resourcePath="/CustomerRestfulWS/rest/customer/eligible" methodName="Eligibility" xsi:type="con:RestRequestStep" xmlns:xsi="http://www.w3.org/2001/XMLSchema-instance"><con:restRequest name="Customer - Customer Not Eligible To Play" mediaType="application/json"><con:settings><con:setting id="com.eviware.soapui.impl.wsdl.WsdlRequest@request-headers">&lt;xml-fragment/></con:setting></con:settings><con:endpoint>http://localhost:8080</con:endpoint><con:request/><con:assertion type="Simple Contains" name="Contains"><con:configuration><token>false</token><ignoreCase>false</ignoreCase><useRegEx>false</useRegEx></con:configuration></con:assertion><con:credentials><con:authType>Global HTTP Settings</con:authType></con:credentials><con:jmsConfig JMSDeliveryMode="PERSISTENT"/><con:jmsPropertyConfig/><con:parameters>
  <con:entry key="customerId" value="100"/>
  <con:entry key="branchNo" value="15"/>
</con:parameters></con:restRequest></con:config></con:testStep><con:properties/></con:testCase><con:testCase failOnError="true" failTestCaseOnErrors="true" keepSession="false" maxResults="0" name="Valid Branch with Invalid CustNo" searchProperties="true" id="0e549e8f-f803-423f-8cb5-0ef97ecc21f2"><con:settings/><con:testStep type="restrequest" name="Customer - Valid Branch No with Invalid Customer No For Eligibility"><con:settings/><con:config service="http://localhost:8080" resourcePath="/CustomerRestfulWS/rest/customer/eligible" methodName="Eligibility" xsi:type="con:RestRequestStep" xmlns:xsi="http://www.w3.org/2001/XMLSchema-instance"><con:restRequest name="Customer - Valid Branch No with Invalid Customer No For Eligibility" mediaType="application/json"><con:settings><con:setting id="com.eviware.soapui.impl.wsdl.WsdlRequest@request-headers">&lt;xml-fragment/></con:setting></con:settings><con:endpoint>http://localhost:8080</con:endpoint><con:request/><con:assertion type="Invalid HTTP Status Codes" name="Invalid HTTP Status Codes"><con:configuration><codes>404</codes></con:configuration></con:assertion><con:credentials><con:authType>Global HTTP Settings</con:authType></con:credentials><con:jmsConfig JMSDeliveryMode="PERSISTENT"/><con:jmsPropertyConfig/><con:parameters>
  <con:entry key="customerId" value="12"/>
  <con:entry key="branchNo" value="7"/>
</con:parameters></con:restRequest></con:config></con:testStep><con:properties/></con:testCase><con:properties/></con:testSuite><con:testSuite name="Customer Groups TestSuite"><con:settings/><con:runType>SEQUENTIAL</con:runType><con:testCase failOnError="true" failTestCaseOnErrors="true" keepSession="false" maxResults="0" name="Customer Group as Chatriyas" searchProperties="true" id="a1a6162a-61e6-4793-86a6-b802701aa500"><con:settings/><con:testStep type="restrequest" name="Customer Group as Chatriyas"><con:settings/><con:config service="http://localhost:8080" resourcePath="/CustomerRestfulWS/rest/customer/groups/350" methodName="Method 1" xsi:type="con:RestRequestStep" xmlns:xsi="http://www.w3.org/2001/XMLSchema-instance"><con:restRequest name="Customer Group as Chatriyas" mediaType="application/json"><con:settings><con:setting id="com.eviware.soapui.impl.wsdl.WsdlRequest@request-headers">&lt;xml-fragment/></con:setting></con:settings><con:endpoint>http://localhost:8080</con:endpoint><con:request/><con:assertion type="XPath Match" name="Cust Group - Chanakyas -XPath"><con:configuration><path>declare namespace cust = 'http://localhost/CustomerRestfulWS/rest/customer/groups/240';
//cust:celebrationGroup</path><content>Chanakyas</content><allowWildcards>false</allowWildcards><ignoreNamspaceDifferences>false</ignoreNamspaceDifferences><ignoreComments>false</ignoreComments></con:configuration></con:assertion><con:credentials><con:authType>Global HTTP Settings</con:authType></con:credentials><con:jmsConfig JMSDeliveryMode="PERSISTENT"/><con:jmsPropertyConfig/><con:parameters/></con:restRequest></con:config></con:testStep><con:properties/></con:testCase><con:testCase failOnError="true" failTestCaseOnErrors="true" keepSession="false" maxResults="0" name="Customer Group as dhuruvas" searchProperties="true" id="35e8f9cd-e857-4d10-b4be-1b5b3e8a4984"><con:settings/><con:testStep type="restrequest" name="Customer Group as dhuruvas"><con:settings/><con:config service="http://localhost:8080" resourcePath="/CustomerRestfulWS/rest/customer/groups/350" methodName="Method 1" xsi:type="con:RestRequestStep" xmlns:xsi="http://www.w3.org/2001/XMLSchema-instance"><con:restRequest name="Customer Group as dhuruvas" mediaType="application/json"><con:settings><con:setting id="com.eviware.soapui.impl.wsdl.WsdlRequest@request-headers">&lt;xml-fragment/></con:setting></con:settings><con:endpoint>http://localhost:8080</con:endpoint><con:request/><con:assertion type="XPath Match" name="Customer Group - Dhuruvas"><con:configuration><path>declare namespace cust = 'http://localhost/CustomerRestfulWS/rest/customer/groups/350';
//cust:celebrationGroup</path><content>Dhuruvas</content><allowWildcards>false</allowWildcards><ignoreNamspaceDifferences>false</ignoreNamspaceDifferences><ignoreComments>false</ignoreComments></con:configuration></con:assertion><con:credentials><con:authType>Global HTTP Settings</con:authType></con:credentials><con:jmsConfig JMSDeliveryMode="PERSISTENT"/><con:jmsPropertyConfig/><con:parameters/></con:restRequest></con:config></con:testStep><con:properties/></con:testCase><con:testCase failOnError="true" failTestCaseOnErrors="true" keepSession="false" maxResults="0" name="Customer Group as Chanakyas" searchProperties="true" id="e2d6d7bf-f692-40f3-9a3e-d8f8bae6a237"><con:settings/><con:testStep type="restrequest" name="Customer Group as Chanakyas"><con:settings/><con:config service="http://localhost:8080" resourcePath="/CustomerRestfulWS/rest/customer/groups/350" methodName="Method 1" xsi:type="con:RestRequestStep" xmlns:xsi="http://www.w3.org/2001/XMLSchema-instance"><con:restRequest name="Customer Group as Chanakyas" mediaType="application/json"><con:settings><con:setting id="com.eviware.soapui.impl.wsdl.WsdlRequest@request-headers">&lt;xml-fragment/></con:setting></con:settings><con:endpoint>http://localhost:8080</con:endpoint><con:request/><con:assertion type="XPath Match" name="XPath Match"><con:configuration><path>declare namespace cust = 'http://localhost/CustomerRestfulWS/rest/customer/groups/350';
//cust:celebrationGroup</path><content>Chanakyas</content><allowWildcards>false</allowWildcards><ignoreNamspaceDifferences>false</ignoreNamspaceDifferences><ignoreComments>false</ignoreComments></con:configuration></con:assertion><con:credentials><con:authType>Global HTTP Settings</con:authType></con:credentials><con:jmsConfig JMSDeliveryMode="PERSISTENT"/><con:jmsPropertyConfig/><con:parameters/></con:restRequest></con:config></con:testStep><con:properties/></con:testCase><con:properties/></con:testSuite><con:properties/><con:wssContainer/><con:sensitiveInformation/></con:soapui-project>