<?xml version="1.0" encoding="UTF-8"?>
<con:soapui-project activeEnvironment="Default" name="Customer Rest Service" resourceRoot="" soapui-version="4.6.4" abortOnError="false" runType="SEQUENTIAL" xmlns:con="http://eviware.com/soapui/config"><con:settings/><con:interface xsi:type="con:RestService" wadlVersion="http://wadl.dev.java.net/2009/02" name="http://10.230.130.29:8080" type="rest" xmlns:xsi="http://www.w3.org/2001/XMLSchema-instance"><con:settings/><con:definitionCache type="TEXT" rootPart=""/><con:endpoints><con:endpoint>http://10.230.130.29:8080</con:endpoint></con:endpoints><con:resource name="Customer" path="/CustomerRestfulWS/rest/customer/eligible"><con:settings/><con:parameters><con:parameter><con:name>customerId</con:name><con:value/><con:style>QUERY</con:style><con:default/><con:description xsi:nil="true"/></con:parameter><con:parameter><con:name>branchNo</con:name><con:value/><con:style>QUERY</con:style><con:default/><con:description xsi:nil="true"/></con:parameter></con:parameters><con:method name="Customer" method="GET"><con:settings/><con:parameters/><con:representation type="RESPONSE"><con:mediaType>application/xml</con:mediaType><con:status>200</con:status><con:params/></con:representation><con:representation type="RESPONSE"><con:mediaType xsi:nil="true"/><con:status>0</con:status><con:params/><con:element>data</con:element></con:representation><con:representation type="RESPONSE"><con:mediaType>application/json</con:mediaType><con:status>200</con:status><con:params/></con:representation><con:representation type="FAULT"><con:mediaType xsi:nil="true"/><con:status>404</con:status><con:params/><con:element>data</con:element></con:representation><con:request name="Customer Eligible To Play" mediaType="application/json"><con:settings><con:setting id="com.eviware.soapui.impl.wsdl.WsdlRequest@request-headers">&lt;xml-fragment/></con:setting></con:settings><con:endpoint>http://10.230.130.29:8080</con:endpoint><con:request/><con:credentials><con:authType>Global HTTP Settings</con:authType></con:credentials><con:jmsConfig JMSDeliveryMode="PERSISTENT"/><con:jmsPropertyConfig/><con:parameters>
  <con:entry key="customerId" value="150"/>
  <con:entry key="branchNo" value="5"/>
</con:parameters><con:parameterOrder><con:entry>customerId</con:entry><con:entry>branchNo</con:entry></con:parameterOrder></con:request><con:request name="Customer Not Eligible To Play" mediaType="application/json"><con:settings><con:setting id="com.eviware.soapui.impl.wsdl.WsdlRequest@request-headers">&lt;xml-fragment/></con:setting></con:settings><con:endpoint>http://10.230.130.29:8080</con:endpoint><con:request/><con:credentials><con:authType>Global HTTP Settings</con:authType></con:credentials><con:jmsConfig JMSDeliveryMode="PERSISTENT"/><con:jmsPropertyConfig/><con:parameters>
  <con:entry key="customerId" value="100"/>
  <con:entry key="branchNo" value="15"/>
</con:parameters></con:request><con:request name="Valid Branch No with Invalid Customer No For Eligibility" mediaType="application/json"><con:settings><con:setting id="com.eviware.soapui.impl.wsdl.WsdlRequest@request-headers">&lt;xml-fragment/></con:setting></con:settings><con:endpoint>http://10.230.130.29:8080</con:endpoint><con:request/><con:credentials><con:authType>Global HTTP Settings</con:authType></con:credentials><con:jmsConfig JMSDeliveryMode="PERSISTENT"/><con:jmsPropertyConfig/><con:parameters>
  <con:entry key="customerId" value="12"/>
  <con:entry key="branchNo" value="7"/>
</con:parameters></con:request></con:method></con:resource></con:interface><con:testSuite name="Customer Eligibility TestSuite"><con:settings/><con:runType>SEQUENTIAL</con:runType><con:testCase failOnError="true" failTestCaseOnErrors="true" keepSession="false" maxResults="0" name="Eligible to Play" searchProperties="true" id="81d4112c-ee14-40b7-b0ac-359f86d6b79c"><con:settings/><con:testStep type="restrequest" name="Customer - Customer Eligible To Play"><con:settings/><con:config service="http://10.230.130.29:8080" resourcePath="/CustomerRestfulWS/rest/customer/eligible" methodName="Customer" xsi:type="con:RestRequestStep" xmlns:xsi="http://www.w3.org/2001/XMLSchema-instance"><con:restRequest name="Customer - Customer Eligible To Play" mediaType="application/json"><con:settings><con:setting id="com.eviware.soapui.impl.wsdl.WsdlRequest@request-headers">&lt;xml-fragment/></con:setting></con:settings><con:endpoint>http://10.230.130.29:8080</con:endpoint><con:request/><con:assertion type="Simple Contains" name="Contains"><con:configuration><token>Eligible</token><ignoreCase>true</ignoreCase><useRegEx>true</useRegEx></con:configuration></con:assertion><con:credentials><con:authType>Global HTTP Settings</con:authType></con:credentials><con:jmsConfig JMSDeliveryMode="PERSISTENT"/><con:jmsPropertyConfig/><con:parameters>
  <con:entry key="customerId" value="150"/>
  <con:entry key="branchNo" value="5"/>
</con:parameters><con:parameterOrder><con:entry>customerId</con:entry><con:entry>branchNo</con:entry></con:parameterOrder></con:restRequest></con:config></con:testStep><con:properties/></con:testCase><con:testCase failOnError="true" failTestCaseOnErrors="true" keepSession="false" maxResults="0" name="Not Eligible To Play" searchProperties="true" id="760cf2c1-acd1-4bcb-a37e-2b9cdf566aad"><con:settings/><con:testStep type="restrequest" name="Customer - Customer Not Eligible To Play"><con:settings/><con:config service="http://10.230.130.29:8080" resourcePath="/CustomerRestfulWS/rest/customer/eligible" methodName="Customer" xsi:type="con:RestRequestStep" xmlns:xsi="http://www.w3.org/2001/XMLSchema-instance"><con:restRequest name="Customer - Customer Not Eligible To Play" mediaType="application/json"><con:settings><con:setting id="com.eviware.soapui.impl.wsdl.WsdlRequest@request-headers">&lt;xml-fragment/></con:setting></con:settings><con:endpoint>http://10.230.130.29:8080</con:endpoint><con:request/><con:assertion type="Simple Contains" name="Contains"><con:configuration><token>Not Eligible</token><ignoreCase>true</ignoreCase><useRegEx>true</useRegEx></con:configuration></con:assertion><con:credentials><con:authType>Global HTTP Settings</con:authType></con:credentials><con:jmsConfig JMSDeliveryMode="PERSISTENT"/><con:jmsPropertyConfig/><con:parameters>
  <con:entry key="customerId" value="100"/>
  <con:entry key="branchNo" value="15"/>
</con:parameters></con:restRequest></con:config></con:testStep><con:properties/></con:testCase><con:testCase failOnError="true" failTestCaseOnErrors="true" keepSession="false" maxResults="0" name="Valid Branch with Invalid CustNo" searchProperties="true" id="0e549e8f-f803-423f-8cb5-0ef97ecc21f2"><con:settings/><con:testStep type="restrequest" name="Customer - Valid Branch No with Invalid Customer No For Eligibility"><con:settings/><con:config service="http://10.230.130.29:8080" resourcePath="/CustomerRestfulWS/rest/customer/eligible" methodName="Customer" xsi:type="con:RestRequestStep" xmlns:xsi="http://www.w3.org/2001/XMLSchema-instance"><con:restRequest name="Customer - Valid Branch No with Invalid Customer No For Eligibility" mediaType="application/json"><con:settings><con:setting id="com.eviware.soapui.impl.wsdl.WsdlRequest@request-headers">&lt;xml-fragment/></con:setting></con:settings><con:endpoint>http://10.230.130.29:8080</con:endpoint><con:request/><con:assertion type="Simple Contains" name="Contains"><con:configuration><token>Not Eligible</token><ignoreCase>true</ignoreCase><useRegEx>true</useRegEx></con:configuration></con:assertion><con:credentials><con:authType>Global HTTP Settings</con:authType></con:credentials><con:jmsConfig JMSDeliveryMode="PERSISTENT"/><con:jmsPropertyConfig/><con:parameters>
  <con:entry key="customerId" value="12"/>
  <con:entry key="branchNo" value="7"/>
</con:parameters></con:restRequest></con:config></con:testStep><con:properties/></con:testCase><con:properties/></con:testSuite><con:properties/><con:wssContainer/></con:soapui-project>